{
  "status": "success",
  "count": 20,
  "data": [
    {
      "CurveName": "BrentOil",
      "PriceIndex": "ICE_Brent",
      "PriceType": "Spot",
      "PriceDate": "2025-07-01",
      "DeliveryDate": "2025-07-02",
      "Settle": 81.45,
      "Open": 80.12,
      "High": 82.00,
      "Low": 79.85,
      "Currency": "USD"
    },
    {
      "CurveName": "BrentOil",
      "PriceIndex": "ICE_Brent_Fwd_1M",
      "PriceType": "Forward",
      "PriceDate": "2025-07-01",
      "DeliveryDate": "2025-08-01",
      "Settle": 82.10,
      "Open": 81.00,
      "High": 83.00,
      "Low": 80.75,
      "Currency": "USD"
    },
    {
      "CurveName": "WTI",
      "PriceIndex": "NYMEX_WTI",
      "PriceType": "Spot",
      "PriceDate": "2025-07-01",
      "DeliveryDate": "2025-07-02",
      "Settle": 76.30,
      "Open": 75.50,
      "High": 77.00,
      "Low": 75.25,
      "Currency": "USD"
    },
    {
      "CurveName": "NaturalGas_HH",
      "PriceIndex": "NYMEX_NG",
      "PriceType": "Futures",
      "PriceDate": "2025-07-01",
      "DeliveryDate": "2025-08-01",
      "Settle": 2.75,
      "Open": 2.71,
      "High": 2.80,
      "Low": 2.70,
      "Currency": "USD"
    },
    {
      "CurveName": "NaturalGas_TTF",
      "PriceIndex": "ICE_TTF",
      "PriceType": "Futures",
      "PriceDate": "2025-07-01",
      "DeliveryDate": "2025-08-01",
      "Settle": 34.50,
      "Open": 34.20,
      "High": 35.00,
      "Low": 34.10,
      "Currency": "EUR"
    },
    {
      "CurveName": "Gold",
      "PriceIndex": "COMEX_GC",
      "PriceType": "Spot",
      "PriceDate": "2025-07-02",
      "DeliveryDate": "2025-07-03",
      "Settle": 2330.50,
      "Open": 2325.00,
      "High": 2340.10,
      "Low": 2322.80,
      "Currency": "USD"
    },
    {
      "CurveName": "Silver",
      "PriceIndex": "COMEX_SI",
      "PriceType": "Spot",
      "PriceDate": "2025-07-02",
      "DeliveryDate": "2025-07-03",
      "Settle": 29.15,
      "Open": 29.00,
      "High": 29.50,
      "Low": 28.90,
      "Currency": "USD"
    },
    {
      "CurveName": "Copper",
      "PriceIndex": "LME_HG",
      "PriceType": "Forward",
      "PriceDate": "2025-07-02",
      "DeliveryDate": "2025-10-02",
      "Settle": 4.50,
      "Open": 4.48,
      "High": 4.55,
      "Low": 4.47,
      "Currency": "USD"
    },
    {
      "CurveName": "Corn",
      "PriceIndex": "CBOT_ZC",
      "PriceType": "Futures",
      "PriceDate": "2025-07-03",
      "DeliveryDate": "2025-09-01",
      "Settle": 450.25,
      "Open": 448.00,
      "High": 452.50,
      "Low": 447.75,
      "Currency": "USD"
    },
    {
      "CurveName": "Wheat",
      "PriceIndex": "CBOT_ZW",
      "PriceType": "Futures",
      "PriceDate": "2025-07-03",
      "DeliveryDate": "2025-09-01",
      "Settle": 610.50,
      "Open": 608.25,
      "High": 615.00,
      "Low": 605.75,
      "Currency": "USD"
    },
    {
      "CurveName": "Coffee_C",
      "PriceIndex": "ICE_KC",
      "PriceType": "Spot",
      "PriceDate": "2025-07-03",
      "DeliveryDate": "2025-07-04",
      "Settle": 2.25,
      "Open": 2.23,
      "High": 2.28,
      "Low": 2.22,
      "Currency": "USD"
    },
    {
      "CurveName": "UK_Power",
      "PriceIndex": "N2EX_UK_DayAhead",
      "PriceType": "Spot",
      "PriceDate": "2025-07-04",
      "DeliveryDate": "2025-07-05",
      "Settle": 75.50,
      "Open": 74.00,
      "High": 80.00,
      "Low": 72.00,
      "Currency": "GBP"
    },
    {
      "CurveName": "German_Power",
      "PriceIndex": "EEX_DE_DayAhead",
      "PriceType": "Spot",
      "PriceDate": "2025-07-04",
      "DeliveryDate": "2025-07-05",
      "Settle": 82.10,
      "Open": 81.50,
      "High": 85.00,
      "Low": 80.00,
      "Currency": "EUR"
    },
    {
      "CurveName": "BrentOil",
      "PriceIndex": "ICE_Brent",
      "PriceType": "Spot",
      "PriceDate": "2025-07-02",
      "DeliveryDate": "2025-07-03",
      "Settle": 81.90,
      "Open": 81.45,
      "High": 82.50,
      "Low": 81.30,
      "Currency": "USD"
    },
    {
      "CurveName": "WTI",
      "PriceIndex": "NYMEX_WTI_Fwd_1M",
      "PriceType": "Forward",
      "PriceDate": "2025-07-02",
      "DeliveryDate": "2025-08-02",
      "Settle": 76.80,
      "Open": 76.30,
      "High": 77.20,
      "Low": 76.10,
      "Currency": "USD"
    },
    {
      "CurveName": "Gold",
      "PriceIndex": "LME_XAU",
      "PriceType": "Forward",
      "PriceDate": "2025-07-03",
      "DeliveryDate": "2025-12-01",
      "Settle": 2355.00,
      "Open": 2330.50,
      "High": 2360.00,
      "Low": 2330.00,
      "Currency": "USD"
    },
    {
      "CurveName": "Soybeans",
      "PriceIndex": "CBOT_ZS",
      "PriceType": "Futures",
      "PriceDate": "2025-07-05",
      "DeliveryDate": "2025-08-01",
      "Settle": 1150.75,
      "Open": 1148.00,
      "High": 1155.25,
      "Low": 1145.00,
      "Currency": "USD"
    },
    {
      "CurveName": "Cotton",
      "PriceIndex": "ICE_CT",
      "PriceType": "Futures",
      "PriceDate": "2025-07-05",
      "DeliveryDate": "2025-10-01",
      "Settle": 73.10,
      "Open": 72.80,
      "High": 73.50,
      "Low": 72.50,
      "Currency": "USD"
    },
    {
      "CurveName": "NaturalGas_TTF",
      "PriceIndex": "ICE_TTF_Fwd_1M",
      "PriceType": "Forward",
      "PriceDate": "2025-07-05",
      "DeliveryDate": "2025-08-05",
      "Settle": 34.90,
      "Open": 34.50,
      "High": 35.20,
      "Low": 34.40,
      "Currency": "EUR"
    },
    {
      "CurveName": "BrentOil",
      "PriceIndex": "ICE_Brent",
      "PriceType": "Spot",
      "PriceDate": "2025-07-03",
      "DeliveryDate": "2025-07-04",
      "Settle": 82.50,
      "Open": 81.90,
      "High": 82.80,
      "Low": 81.75,
      "Currency": "USD"
    }
  ]
}