{
  "$schema": "http://json-schema.org/draft-07/schema#",
  "title": "API Price Response Schema",
  "description": "A schema for validating the API response which includes status, count, and a data payload of prices.",
  "type": "object",
  "properties": {
    "status": {
      "description": "The status of the API response.",
      "type": "string",
      "enum": ["success", "error"]
    },
    "count": {
      "description": "The number of records in the data array.",
      "type": "integer",
      "minimum": 0
    },
    "data": {
      "description": "An array of individual price records.",
      "type": "array",
      "items": {
        "type": "object",
        "properties": {
          "CurveName": {
            "description": "The name of the commodity or financial curve (e.g., 'BrentOil', 'Gold').",
            "type": "string",
            "minLength": 1
          },
          "PriceIndex": {
            "description": "The specific index, exchange, or market identifier (e.g., 'ICE_Brent').",
            "type": "string",
            "minLength": 1
          },
          "PriceType": {
            "description": "The type of price (e.g., Spot, Forward, Futures).",
            "type": "string",
            "enum": ["Spot", "Forward", "Futures"]
          },
          "PriceDate": {
            "description": "The date the price was recorded in YYYY-MM-DD format.",
            "type": "string",
            "format": "date"
          },
          "DeliveryDate": {
            "description": "The delivery or maturity date for the commodity in YYYY-MM-DD format.",
            "type": "string",
            "format": "date"
          },
          "Settle": {
            "description": "The final settlement price for the period.",
            "type": "number"
          },
          "Open": {
            "description": "The opening price for the period.",
            "type": "number"
          },
          "High": {
            "description": "The highest price reached during the period.",
            "type": "number"
          },
          "Low": {
            "description": "The lowest price reached during the period.",
            "type": "number"
          },
          "Currency": {
            "description": "The three-letter ISO currency code (e.g., USD, EUR, GBP).",
            "type": "string",
            "minLength": 3,
            "maxLength": 3
          }
        },
        "required": [
          "CurveName",
          "PriceIndex",
          "PriceType",
          "PriceDate",
          "DeliveryDate",
          "Settle",
          "Open",
          "High",
          "Low",
          "Currency"
        ],
        "additionalProperties": false
      }
    }
  },
  "required": [
    "status",
    "count",
    "data"
  ],
  "additionalProperties": false
}